{"cameraMode":{"drawMode":0,"name":"Shaded","section":"Shading Mode"},"sceneLighting":true,"audioPlay":false,"sceneViewState":{"m_AlwaysRefresh":false,"showFog":true,"showSkybox":true,"showFlares":true,"showImageEffects":true,"showParticleSystems":true,"showVisualEffectGraphs":true,"m_FxEnabled":true},"in2DMode":false,"pivot":{"x":0.34948110580444338,"y":0.6221060752868652,"z":-0.39869141578674319},"rotation":{"x":-0.08175250142812729,"y":0.7668865919113159,"z":-0.0997222363948822,"w":-0.6286949515342712},"size":3.5304980278015138,"orthographic":false}