{"cameraMode":{"drawMode":0,"name":"Shaded","section":"Shading Mode"},"sceneLighting":true,"audioPlay":false,"sceneViewState":{"m_AlwaysRefresh":false,"showFog":true,"showSkybox":true,"showFlares":true,"showImageEffects":true,"showParticleSystems":true,"showVisualEffectGraphs":true,"m_FxEnabled":true},"in2DMode":false,"pivot":{"x":4.053899765014648,"y":3.9595086574554445,"z":7.019688606262207},"rotation":{"x":0.0026959527749568226,"y":-0.9895394444465637,"z":0.0181090347468853,"w":0.14315281808376313},"size":0.42213231325149538,"orthographic":false}