{"cameraMode":{"drawMode":0,"name":"Shaded","section":"Shading Mode"},"sceneLighting":true,"audioPlay":false,"sceneViewState":{"m_AlwaysRefresh":false,"showFog":true,"showSkybox":true,"showFlares":true,"showImageEffects":true,"showParticleSystems":true,"showVisualEffectGraphs":true,"m_FxEnabled":true},"in2DMode":false,"pivot":{"x":3.287464141845703,"y":1.6849069595336915,"z":5.949836730957031},"rotation":{"x":0.27363109588623049,"y":0.45437484979629519,"z":-0.14896735548973084,"w":0.8346163630485535},"size":10.622076034545899,"orthographic":false}