{"cameraMode":{"drawMode":0,"name":"Shaded","section":"Shading Mode"},"sceneLighting":true,"audioPlay":false,"sceneViewState":{"m_AlwaysRefresh":false,"showFog":true,"showSkybox":true,"showFlares":true,"showImageEffects":true,"showParticleSystems":true,"showVisualEffectGraphs":true,"m_FxEnabled":true},"in2DMode":false,"pivot":{"x":-2.8244524002075197,"y":1.3624787330627442,"z":1.421586513519287},"rotation":{"x":-0.059157662093639377,"y":0.7421206831932068,"z":-0.06608445942401886,"w":-0.6644001603126526},"size":1.567577838897705,"orthographic":false}