{"cameraMode":{"drawMode":0,"name":"Shaded","section":"Shading Mode"},"sceneLighting":false,"audioPlay":false,"sceneViewState":{"showFog":true,"showMaterialUpdate":false,"showSkybox":true,"showFlares":true,"showImageEffects":true,"showParticleSystems":true},"in2DMode":false,"pivot":{"x":1.7794933319091797,"y":0.8479328155517578,"z":-1.940687656402588},"rotation":{"x":-0.040705036371946338,"y":0.9592118859291077,"z":-0.19125805795192719,"w":-0.20414726436138154},"size":9.624846458435059,"orthographic":false}