{"cameraMode":{"drawMode":0,"name":"Shaded","section":"Shading Mode"},"sceneLighting":false,"audioPlay":false,"sceneViewState":{"showFog":true,"showMaterialUpdate":false,"showSkybox":true,"showFlares":true,"showImageEffects":true,"showParticleSystems":true},"in2DMode":false,"pivot":{"x":2.971439838409424,"y":5.868870735168457,"z":3.727938652038574},"rotation":{"x":0.09822793304920197,"y":-0.6095263361930847,"z":0.07647231221199036,"w":0.7829310297966003},"size":1.932008981704712,"orthographic":false}