{"cameraMode":{"drawMode":0,"name":"Shaded","section":"Shading Mode"},"sceneLighting":true,"audioPlay":false,"sceneViewState":{"m_AlwaysRefresh":false,"showFog":true,"showSkybox":true,"showFlares":true,"showImageEffects":true,"showParticleSystems":true,"showVisualEffectGraphs":true,"m_FxEnabled":true},"in2DMode":false,"pivot":{"x":0.39018917083740237,"y":-0.23944997787475587,"z":-0.49417686462402346},"rotation":{"x":-0.08075039088726044,"y":0.8931688666343689,"z":-0.17808963358402253,"w":-0.4049857556819916},"size":3.2470929622650148,"orthographic":false}